update,timesteps,fps,incre_win_rate_mean,eval_win_rate
0,1600,110.0,,
5,9600,78.0,0.0,0.0
10,17600,92.0,0.0,
15,25600,97.0,0.025252525252525252,
20,33600,100.0,0.10597826086956522,
25,41600,101.0,0.2655367231638418,
30,49600,100.0,0.3556851311953353,0.21875
35,57600,102.0,0.40173410404624277,
40,65600,103.0,0.49707602339181284,
45,73600,104.0,0.5398773006134969,
50,81600,105.0,0.5481927710843374,
55,89600,104.0,0.6165644171779141,0.53125
60,97600,105.0,0.5838509316770186,
65,105600,106.0,0.5993788819875776,
70,113600,107.0,0.6635802469135802,
75,121600,108.0,0.7393939393939394,
80,129600,109.0,0.7291666666666666,0.8125
85,137600,110.0,0.7134502923976608,
90,145600,111.0,0.7573099415204678,
95,153600,111.0,0.7735294117647059,
100,161600,112.0,0.8194842406876791,
105,169600,112.0,0.8510028653295129,0.90625
110,177600,112.0,0.8304093567251462,
115,185600,112.0,0.8885714285714286,
120,193600,112.0,0.9293785310734464,
125,201600,113.0,0.9411764705882353,
130,209600,112.0,0.925207756232687,1.0
135,217600,111.0,0.9452054794520548,
140,225600,111.0,0.9390581717451524,
145,233600,111.0,0.931129476584022,
150,241600,111.0,0.9617486338797814,
155,249600,110.0,0.9346049046321526,1.0
160,257600,110.0,0.9642857142857143,
165,265600,108.0,0.9478021978021978,
170,273600,108.0,0.9697802197802198,
175,281600,109.0,0.9565217391304348,
180,289600,108.0,0.953551912568306,1.0
185,297600,109.0,0.958904109589041,
190,305600,109.0,0.9504132231404959,
195,313600,109.0,0.9641873278236914,
200,321600,110.0,0.9562841530054644,
205,329600,109.0,0.943089430894309,1.0
210,337600,110.0,0.9918256130790191,
215,345600,111.0,0.9646739130434783,
220,353600,111.0,0.9679144385026738,
225,361600,110.0,0.9894459102902374,
230,369600,109.0,0.9547872340425532,1.0
235,377600,109.0,0.978891820580475,
240,385600,110.0,0.9733333333333334,
245,393600,110.0,0.9866310160427807,
250,401600,110.0,0.9813333333333333,
255,409600,110.0,0.9921052631578947,0.96875
260,417600,110.0,0.9709762532981531,
265,425600,110.0,0.9920424403183024,
270,433600,110.0,0.9735449735449735,
275,441600,111.0,0.967828418230563,
280,449600,111.0,0.9761273209549072,1.0
285,457600,111.0,0.9840425531914894,
290,465600,111.0,0.9411764705882353,
295,473600,112.0,0.9652406417112299,
300,481600,112.0,0.9841688654353562,
305,489600,112.0,0.973753280839895,1.0
310,497600,112.0,0.9947643979057592,
315,505600,112.0,0.9920424403183024,
320,513600,112.0,0.9735449735449735,
325,521600,111.0,0.9681697612732095,
330,529600,111.0,0.968,0.96875
335,537600,111.0,0.970108695652174,
340,545600,111.0,0.9730458221024259,
345,553600,112.0,0.978319783197832,
350,561600,112.0,0.9811320754716981,
355,569600,112.0,0.9702702702702702,0.96875
360,577600,112.0,0.940379403794038,
365,585600,112.0,0.9836956521739131,
370,593600,112.0,0.967032967032967,
375,601600,112.0,0.9560439560439561,
380,609600,112.0,0.9809782608695652,1.0
385,617600,112.0,0.9700272479564033,
390,625600,113.0,0.9893617021276596,
395,633600,113.0,0.986737400530504,
400,641600,113.0,0.9921052631578947,
405,649600,113.0,1.0,1.0
410,657600,113.0,0.9871134020618557,
415,665600,114.0,0.968421052631579,
420,673600,114.0,0.9765625,
425,681600,114.0,0.9739583333333334,
430,689600,114.0,0.9712793733681462,1.0
435,697600,114.0,0.9895561357702349,
440,705600,114.0,0.981675392670157,
445,713600,114.0,0.9844559585492227,
450,721600,114.0,0.9765013054830287,
455,729600,114.0,0.9790575916230366,0.96875
460,737600,114.0,0.9557291666666666,
465,745600,115.0,0.9629629629629629,
470,753600,115.0,0.9656992084432717,
475,761600,115.0,0.9868073878627969,
480,769600,114.0,0.9894459102902374,1.0
485,777600,114.0,0.968503937007874,
490,785600,114.0,0.9921052631578947,
495,793600,114.0,0.9895833333333334,
500,801600,114.0,0.9627659574468085,
505,809600,113.0,0.973404255319149,1.0
510,817600,114.0,0.9787798408488063,
515,825600,114.0,0.968503937007874,
520,833600,114.0,0.9602122015915119,
525,841600,114.0,0.9545454545454546,
530,849600,114.0,0.9761904761904762,1.0
535,857600,114.0,0.9947368421052631,
540,865600,114.0,0.9894459102902374,
545,873600,114.0,0.9948186528497409,
550,881600,114.0,0.9922279792746114,
555,889600,114.0,0.9922077922077922,1.0
560,897600,114.0,0.9922680412371134,
565,905600,114.0,0.9974489795918368,
570,913600,114.0,0.9948586118251928,
575,921600,114.0,1.0,
580,929600,114.0,0.989821882951654,0.96875
585,937600,114.0,0.9796954314720813,
590,945600,114.0,0.9715025906735751,
595,953600,114.0,0.966321243523316,
600,961600,113.0,0.9844559585492227,
605,969600,113.0,0.9844961240310077,1.0
610,977600,113.0,0.981675392670157,
615,985600,113.0,0.9790575916230366,
620,993600,113.0,0.9660574412532638,
625,1001600,113.0,0.9921465968586387,
630,1009600,113.0,0.9869791666666666,1.0
635,1017600,113.0,0.9921671018276762,
640,1025600,113.0,0.9922680412371134,
645,1033600,113.0,0.9845758354755784,
650,1041600,113.0,0.9948453608247423,
655,1049600,113.0,0.9791666666666666,1.0
660,1057600,113.0,1.0,
665,1065600,113.0,0.9896640826873385,
670,1073600,113.0,0.9896103896103896,
675,1081600,113.0,0.9948320413436692,
680,1089600,113.0,1.0,1.0
685,1097600,114.0,0.9974226804123711,
690,1105600,114.0,1.0,
695,1113600,114.0,0.9924050632911392,
700,1121600,114.0,0.9923273657289002,
705,1129600,114.0,0.9897172236503856,1.0
710,1137600,114.0,0.9897172236503856,
715,1145600,114.0,0.987146529562982,
720,1153600,114.0,0.9922879177377892,
725,1161600,114.0,0.9846547314578005,
730,1169600,114.0,0.9715762273901809,1.0
735,1177600,114.0,0.9871134020618557,
740,1185600,115.0,0.9922077922077922,
745,1193600,115.0,0.9895561357702349,
750,1201600,115.0,0.9817232375979112,
755,1209600,115.0,0.9974025974025974,1.0
760,1217600,115.0,0.9897172236503856,
765,1225600,115.0,0.9974358974358974,
770,1233600,115.0,0.9871794871794872,
775,1241600,115.0,0.9974358974358974,
780,1249600,115.0,0.9948849104859335,1.0
785,1257600,115.0,0.9872122762148338,
790,1265600,115.0,0.989821882951654,
795,1273600,115.0,0.9896907216494846,
800,1281600,115.0,0.9872122762148338,
805,1289600,114.0,0.9872448979591837,1.0
810,1297600,114.0,0.9923469387755102,
815,1305600,114.0,0.9948453608247423,
820,1313600,114.0,0.9794344473007712,
825,1321600,114.0,0.9923076923076923,
830,1329600,114.0,0.9819587628865979,1.0
835,1337600,114.0,0.9844961240310077,
840,1345600,114.0,0.9948453608247423,
845,1353600,114.0,0.9974554707379135,
850,1361600,114.0,0.9897959183673469,
855,1369600,114.0,0.9949238578680203,1.0
860,1377600,114.0,0.9949367088607595,
865,1385600,114.0,1.0,
870,1393600,114.0,1.0,
875,1401600,114.0,0.979381443298969,
880,1409600,114.0,0.9638888888888889,0.96875
885,1417600,114.0,0.9752066115702479,
890,1425600,114.0,0.9973045822102425,
895,1433600,114.0,0.986737400530504,
900,1441600,114.0,0.9811827956989247,
905,1449600,114.0,0.9946380697050938,1.0
910,1457600,114.0,0.9701897018970189,
915,1465600,114.0,0.9863760217983651,
920,1473600,114.0,0.9697802197802198,
925,1481600,114.0,0.9668508287292817,
930,1489600,114.0,0.9804469273743017,1.0
935,1497600,114.0,0.9693593314763231,
940,1505600,114.0,0.9779005524861878,
945,1513600,114.0,0.9891304347826086,
950,1521600,114.0,0.9891304347826086,
955,1529600,114.0,0.994535519125683,1.0
960,1537600,114.0,0.9864130434782609,
965,1545600,114.0,0.9946091644204852,
970,1553600,114.0,0.9973045822102425,
975,1561600,114.0,0.9972972972972973,
980,1569600,114.0,1.0,1.0
985,1577600,113.0,0.981081081081081,
990,1585600,113.0,0.989100817438692,
995,1593600,113.0,0.9972826086956522,
1000,1601600,113.0,0.9946380697050938,
1005,1609600,113.0,0.9865229110512129,1.0
1010,1617600,113.0,0.9891891891891892,
1015,1625600,113.0,0.9863760217983651,
1020,1633600,113.0,0.9835616438356164,
1025,1641600,113.0,0.9890710382513661,
1030,1649600,113.0,0.994579945799458,1.0
1035,1657600,113.0,0.994579945799458,
1040,1665600,113.0,0.9972972972972973,
1045,1673600,112.0,0.9973190348525469,
1050,1681600,112.0,0.9973333333333333,
1055,1689600,112.0,0.9840425531914894,1.0
1060,1697600,112.0,0.9946808510638298,
1065,1705600,112.0,0.9973404255319149,
1070,1713600,112.0,0.9841269841269841,
1075,1721600,112.0,0.9893048128342246,
1080,1729600,112.0,0.9894179894179894,0.96875
1085,1737600,112.0,0.9920844327176781,
1090,1745600,112.0,0.9947229551451188,
1095,1753600,112.0,0.9947368421052631,
1100,1761600,112.0,0.9920424403183024,
1105,1769600,112.0,0.9920424403183024,1.0
1110,1777600,112.0,0.9947089947089947,
1115,1785600,112.0,1.0,
1120,1793600,112.0,0.994750656167979,
1125,1801600,112.0,0.9813333333333333,
1130,1809600,112.0,0.9867021276595744,1.0
1135,1817600,112.0,0.9973544973544973,
1140,1825600,112.0,0.9893048128342246,
1145,1833600,112.0,0.9946380697050938,
1150,1841600,112.0,0.9973333333333333,
1155,1849600,112.0,0.9946949602122016,1.0
1160,1857600,112.0,0.9946949602122016,
1165,1865600,112.0,0.9946808510638298,
1170,1873600,112.0,0.9946949602122016,
1175,1881600,112.0,0.9973753280839895,
1180,1889600,112.0,0.9973684210526316,1.0
1185,1897600,112.0,0.9948051948051948,
1190,1905600,112.0,0.9947368421052631,
1195,1913600,112.0,0.992,
1200,1921600,112.0,0.9920424403183024,
1205,1929600,112.0,0.9812834224598931,0.96875
1210,1937600,112.0,0.9920424403183024,
1215,1945600,112.0,0.9973404255319149,
1220,1953600,112.0,0.994750656167979,
1225,1961600,112.0,0.9973474801061007,
1230,1969600,112.0,0.9946666666666667,0.96875
1235,1977600,112.0,0.9919786096256684,
1240,1985600,112.0,1.0,
1245,1993600,112.0,0.9946666666666667,
1250,2001600,112.0,0.9946524064171123,
1255,2009600,112.0,0.9947089947089947,1.0
1260,2017600,112.0,0.9866666666666667,
1265,2025600,112.0,0.9703504043126685,
1270,2033600,112.0,0.978319783197832,
1275,2041600,112.0,0.9865229110512129,
1280,2049600,112.0,0.9945945945945946,0.96875
1285,2057600,112.0,0.9919571045576407,
1290,2065600,112.0,1.0,
1295,2073600,112.0,0.9947229551451188,
1300,2081600,112.0,0.9973333333333333,
1305,2089600,112.0,0.9973404255319149,1.0
1310,2097600,112.0,0.9920424403183024,
1315,2105600,112.0,0.984,
1320,2113600,112.0,0.9893048128342246,
1325,2121600,112.0,0.9865951742627346,
1330,2129600,112.0,0.9946091644204852,1.0
1335,2137600,112.0,0.9946666666666667,
1340,2145600,112.0,0.9973190348525469,
1345,2153600,112.0,1.0,
1350,2161600,112.0,1.0,
1355,2169600,112.0,0.9973544973544973,1.0
1360,2177600,112.0,0.9947229551451188,
1365,2185600,112.0,0.9894179894179894,
1370,2193600,112.0,0.9921052631578947,
1375,2201600,112.0,0.9973474801061007,
1380,2209600,112.0,0.9946380697050938,1.0
1385,2217600,112.0,1.0,
1390,2225600,112.0,0.9947368421052631,
1395,2233600,112.0,0.9920844327176781,
1400,2241600,112.0,1.0,
1405,2249600,112.0,0.9921052631578947,0.96875
1410,2257600,112.0,0.9947089947089947,
1415,2265600,112.0,0.9947229551451188,
1420,2273600,112.0,0.9947368421052631,
1425,2281600,112.0,0.9921052631578947,
1430,2289600,112.0,1.0,1.0
1435,2297600,112.0,1.0,
1440,2305600,112.0,0.9973684210526316,
1445,2313600,112.0,0.9973890339425587,
1450,2321600,112.0,0.9921052631578947,
1455,2329600,112.0,0.9921875,1.0
1460,2337600,111.0,0.994750656167979,
1465,2345600,111.0,0.9920212765957447,
1470,2353600,111.0,0.9973333333333333,
1475,2361600,111.0,0.9973474801061007,
1480,2369600,111.0,0.9947089947089947,0.96875
1485,2377600,111.0,0.9892761394101877,
1490,2385600,111.0,1.0,
1495,2393600,111.0,0.9973544973544973,
1500,2401600,111.0,0.9947089947089947,
1505,2409600,111.0,0.9947229551451188,1.0
1510,2417600,111.0,0.9946949602122016,
1515,2425600,111.0,1.0,
1520,2433600,111.0,0.9973333333333333,
1525,2441600,111.0,0.9973753280839895,
1530,2449600,111.0,0.9841688654353562,0.96875
1535,2457600,111.0,1.0,
1540,2465600,111.0,0.9973684210526316,
1545,2473600,111.0,0.9973890339425587,
1550,2481600,111.0,0.994750656167979,
1555,2489600,111.0,0.9973890339425587,0.96875
1560,2497600,111.0,0.9973958333333334,
1565,2505600,111.0,0.9973890339425587,
1570,2513600,111.0,0.9869451697127938,
1575,2521600,111.0,0.994750656167979,
1580,2529600,111.0,0.9973544973544973,0.96875
1585,2537600,111.0,1.0,
1590,2545600,111.0,0.9947643979057592,
1595,2553600,111.0,0.9973890339425587,
1600,2561600,111.0,0.9973958333333334,
1605,2569600,110.0,0.9973890339425587,1.0
1610,2577600,110.0,0.9947780678851175,
1615,2585600,110.0,0.9973821989528796,
1620,2593600,110.0,0.9973821989528796,
1625,2601600,110.0,0.9973753280839895,
1630,2609600,110.0,0.9947368421052631,1.0
1635,2617600,110.0,0.9973474801061007,
1640,2625600,110.0,0.992,
1645,2633600,110.0,0.9867724867724867,
1650,2641600,110.0,1.0,
1655,2649600,110.0,0.9841269841269841,1.0
1660,2657600,110.0,0.992,
1665,2665600,110.0,0.9946091644204852,
1670,2673600,110.0,0.992,
1675,2681600,110.0,0.9893333333333333,
1680,2689600,110.0,0.9973404255319149,0.96875
1685,2697600,110.0,0.989501312335958,
1690,2705600,110.0,0.9973614775725593,
1695,2713600,110.0,0.9973614775725593,
1700,2721600,110.0,0.9920844327176781,
1705,2729600,110.0,0.9973753280839895,1.0
1710,2737600,110.0,0.992,
1715,2745600,110.0,0.9947229551451188,
1720,2753600,110.0,0.9973753280839895,
1725,2761600,110.0,0.9973614775725593,
1730,2769600,110.0,0.9973333333333333,0.96875
1735,2777600,110.0,0.9947368421052631,
1740,2785600,110.0,1.0,
1745,2793600,110.0,1.0,
1750,2801600,110.0,0.9948186528497409,
1755,2809600,110.0,0.9947916666666666,0.96875
1760,2817600,110.0,0.9974025974025974,
1765,2825600,110.0,0.9973821989528796,
1770,2833600,110.0,0.9947916666666666,
1775,2841600,110.0,0.9947780678851175,
1780,2849600,110.0,0.9921259842519685,1.0
1785,2857600,110.0,0.986737400530504,
1790,2865600,110.0,0.972972972972973,
1795,2873600,110.0,0.9946808510638298,
1800,2881600,110.0,0.9866310160427807,
1805,2889600,110.0,0.9892761394101877,0.96875
1810,2897600,110.0,1.0,
1815,2905600,110.0,0.9947368421052631,
1820,2913600,110.0,0.9920212765957447,
1825,2921600,110.0,0.992,
1830,2929600,110.0,0.9946666666666667,1.0
1835,2937600,110.0,0.9973614775725593,
1840,2945600,110.0,0.9973753280839895,
1845,2953600,110.0,0.9920844327176781,
1850,2961600,110.0,0.9946808510638298,
1855,2969600,110.0,0.9946808510638298,1.0
1860,2977600,110.0,1.0,
1865,2985600,110.0,0.9946949602122016,
1870,2993600,111.0,0.9973684210526316,
1875,3001600,111.0,0.9973333333333333,
1880,3009600,111.0,0.9946949602122016,1.0
1885,3017600,111.0,0.9868421052631579,
1890,3025600,111.0,0.9868766404199475,
1895,3033600,111.0,0.9867724867724867,
1900,3041600,111.0,0.9920844327176781,
1905,3049600,111.0,0.9866310160427807,1.0
1910,3057600,111.0,0.9946949602122016,
1915,3065600,111.0,1.0,
1920,3073600,111.0,1.0,
1925,3081600,111.0,0.9973890339425587,
1930,3089600,111.0,0.9948320413436692,1.0
1935,3097600,112.0,0.9947229551451188,
1940,3105600,112.0,0.9921875,
1945,3113600,112.0,1.0,
1950,3121600,112.0,1.0,
1955,3129600,112.0,0.9947643979057592,0.96875
1960,3137600,112.0,0.994750656167979,
1965,3145600,112.0,1.0,
1970,3153600,112.0,0.9921875,
1975,3161600,112.0,0.9947780678851175,
1980,3169600,112.0,1.0,1.0
1985,3177600,112.0,0.9973890339425587,
1990,3185600,112.0,0.9973684210526316,
1995,3193600,112.0,1.0,
2000,3201600,112.0,1.0,
2005,3209600,112.0,0.9894459102902374,1.0
2010,3217600,112.0,0.9947368421052631,
2015,3225600,112.0,0.986737400530504,
2020,3233600,112.0,1.0,
2025,3241600,112.0,0.9973684210526316,
2030,3249600,112.0,0.9920634920634921,1.0
2035,3257600,112.0,0.9973684210526316,
2040,3265600,112.0,0.9973684210526316,
2045,3273600,112.0,0.9973958333333334,
2050,3281600,112.0,0.9921052631578947,
2055,3289600,112.0,0.9895561357702349,1.0
2060,3297600,112.0,0.9973890339425587,
2065,3305600,112.0,0.9947643979057592,
2070,3313600,112.0,0.9920634920634921,
2075,3321600,112.0,0.9973544973544973,
2080,3329600,112.0,0.9973474801061007,1.0
2085,3337600,112.0,0.9973614775725593,
2090,3345600,112.0,0.9894736842105263,
2095,3353600,112.0,0.9947229551451188,
2100,3361600,112.0,1.0,
2105,3369600,112.0,0.9973753280839895,1.0
2110,3377600,112.0,1.0,
2115,3385600,112.0,0.9921259842519685,
2120,3393600,112.0,0.994750656167979,
2125,3401600,112.0,1.0,
2130,3409600,112.0,0.9973821989528796,1.0
2135,3417600,112.0,0.9921259842519685,
2140,3425600,112.0,0.9973890339425587,
2145,3433600,112.0,0.9973958333333334,
2150,3441600,112.0,0.9947643979057592,
2155,3449600,112.0,0.9973890339425587,1.0
2160,3457600,112.0,0.9947643979057592,
2165,3465600,112.0,0.9866310160427807,
2170,3473600,112.0,1.0,
2175,3481600,112.0,0.9973890339425587,
2180,3489600,112.0,0.9948051948051948,1.0
2185,3497600,112.0,0.9974025974025974,
2190,3505600,113.0,1.0,
2195,3513600,113.0,0.9973958333333334,
2200,3521600,113.0,0.9947643979057592,
2205,3529600,113.0,0.9947229551451188,1.0
2210,3537600,113.0,0.9895561357702349,
2215,3545600,113.0,0.9893617021276596,
2220,3553600,113.0,1.0,
2225,3561600,113.0,1.0,
2230,3569600,113.0,0.9973890339425587,1.0
2235,3577600,113.0,1.0,
2240,3585600,113.0,0.9973958333333334,
2245,3593600,113.0,0.9973890339425587,
2250,3601600,113.0,0.9921671018276762,
2255,3609600,113.0,0.9895833333333334,1.0
2260,3617600,113.0,0.9973614775725593,
2265,3625600,113.0,0.9973958333333334,
2270,3633600,113.0,1.0,
2275,3641600,113.0,0.9947643979057592,
2280,3649600,113.0,0.994750656167979,1.0
2285,3657600,113.0,1.0,
2290,3665600,113.0,0.9974160206718347,
2295,3673600,113.0,0.9947643979057592,
2300,3681600,113.0,1.0,
2305,3689600,113.0,0.9947643979057592,1.0
2310,3697600,113.0,0.9974160206718347,
2315,3705600,113.0,1.0,
2320,3713600,113.0,1.0,
2325,3721600,113.0,0.9974293059125964,
2330,3729600,113.0,1.0,1.0
2335,3737600,113.0,0.9974160206718347,
2340,3745600,113.0,1.0,
2345,3753600,113.0,0.9869109947643979,
2350,3761600,113.0,0.9947780678851175,
2355,3769600,113.0,1.0,0.9375
2360,3777600,113.0,0.9921259842519685,
2365,3785600,113.0,1.0,
2370,3793600,113.0,0.9894736842105263,
2375,3801600,113.0,0.9895287958115183,
2380,3809600,113.0,0.9947643979057592,0.96875
2385,3817600,113.0,0.9973890339425587,
2390,3825600,113.0,0.994750656167979,
